ID,First Name,Last Name,Email
1,Indu,D,idanthuluri@gmail.com
2,Satya,R,Satya@gmail.com
3,Devi,E,Devi@gmail.com
4,Nanna,T,Nanna@gmail.com
5,Kelvin,Y,Kelvin@gmail.com
6,Katy,U,Katy@gmail.com
7,Pessi,T,Pessi@gmail.com
8,Happi,H,Happi@gmail.com
9,Smiley,S,Smiley@gmail.com